{
  "version": "v0.2",
  "rmse": 53.777454065340386,
  "timestamp": 1760362345.7178783
}