{
  "version": "v0.2",
  "rmse": 54.383837198342434,
  "timestamp": 1760607926.8765614,
  "seed": 42,
  "risk_threshold": 214.0,
  "precision_at_threshold": 0.8,
  "recall_at_threshold": 0.38095238095238093,
  "f1_at_threshold": 0.5161290322580645
}