{
  "version": "v0.1",
  "rmse": 53.85344583676594,
  "timestamp": 1760607925.5039225,
  "seed": 42
}